number,section,title,basis,result,nonconformity,note
1,Общие вопросы экологического (инспекционного) контроля,Соблюдаются требования порядка определения платежной базы для исчисления платы за негативное воздействие на окружающую среду.,"пункт 1 статьи 16.1, пункты 2,3, 4 статьи 16.2 Федерального закона от 10.01.2002 № 7-ФЗ ""Об охране окружающей среды""",1,,
2,Общие вопросы экологического (инспекционного) контроля,Плата за негативное воздействие на окружающую среду внесена.,"пункты 1, 2 статьи 16.4 Федерального закона от 10.01.2002 № 7-ФЗ ""Об охране окружающей среды""",1,,
3,Общие вопросы экологического (инспекционного) контроля,"Плата за негативное воздействие на окружающую среду внесена не позднее 1-го марта года, следующего за отчетным периодом (календарным годом).","пункт 3 статьи 16.4 Федерального закона от 10.01.2002 № 7-ФЗ ""Об охране окружающей среды""",1,,
4,Общие вопросы экологического (инспекционного) контроля,"Квартальные авансовые платежи за негативное воздействие на окружающую среду внесены в установленный срок и в полном объеме: - в размере одной четвертой части суммы платы, уплаченной за предыдущий год; - в размере одной четвертой части суммы платы исходя из установленных нормативов; - на основании данных производственного экологического контроля.","пункт 4 статьи 16.4 Федерального закона от 10.01.2002 № 7-ФЗ ""Об охране окружающей среды""",1,,
5,Общие вопросы экологического (инспекционного) контроля,Декларация о плате за негативное воздействие на окружающую среду представлена в Росприроднадзор.,"пункт 8 статьи 16.4 Федерального закона от 10.01.2002 № 7-ФЗ ""Об охране окружающей среды""",1,,
6,Общие вопросы экологического (инспекционного) контроля,Декларация о плате за негативное воздействие на окружающую среду соответствует установленным требованиям к ее содержанию.,Приказ МПР от 10.12.2020 №1043 Об утверждении Порядка представления декларации о плате за негативное воздействие на окружающую среду,1,,
7,Общие вопросы экологического (инспекционного) контроля,"Декларация о плате за негативное воздействие на окружающую среду представлена не позднее 10-го марта года, следующего за отчетным периодом (календарным годом).","пункт 8 статьи 16.4 Федерального закона от 10.01.2002 № 7-ФЗ ""Об охране окружающей среды""",1,,
8,Общие вопросы экологического (инспекционного) контроля,Деклараця о воздействии на окружающую среду соответствует установленным требованиям.,"приложение 1, приложение 2 Приказа Минприроды России от 11.10.2018 № 509 ""Об утверждении формы декларации о воздействии на окружающую среду и порядка ее заполнения, в том числе в форме электронного документа, подписанного усиленной квалифицированной электронной подписью""",1,,
9,Общие вопросы экологического (инспекционного) контроля,"Объекты, оказывающие негативное воздействие на окружающую среду, I, II, III и IV категорий поставлены на государственный учет в полном объеме.","пункт 1 статьи 4.2, пункт 1 статьи 69.2 Федерального закона от 10.01.2002 № 7-ФЗ ""Об охране окружающей среды""; Постановление Правительства Российской Федерации от 07 мая 2022 г. № 830 ""Об утверждении Правил создания и ведения государственного реестра объектов, оказывающих негативное воздействие на окружающую среду""",1,,
10,Общие вопросы экологического (инспекционного) контроля,"Заявка о постановке на государственный учет объектов, оказывающих негативное воздействие на окружающую среду, подана не позднее чем в течение шести месяцев со дня начала эксплуатации указанных объектов.","пункт 2 статьи 69.2 Федерального закона от 10.01.2002 № 7-ФЗ ""Об охране окружающей среды""",1,,
11,Общие вопросы экологического (инспекционного) контроля,"Имеется подготовка в области охраны окружающей среды и экологической безопасности: - руководителя организации; - специалистов, ответственных за принятие решений при осуществлении хозяйственной и иной деятельности, которая оказывает или может оказать негативное воздействие на окружающую среду.","пункт 1 статьи 73 Федерального закона от 10.01.2002 № 7-ФЗ ""Об охране окружающей среды""",1,,
12,Общие вопросы экологического (инспекционного) контроля,"Вред окружающей среде, причиненный в результате ее загрязнения, истощения, порчи, уничтожения, нерационального использования природных ресурсов, деградации и разрушения естественных экологических систем, природных комплексов и природных ландшафтов и иного нарушения законодательства в области охраны окружающей среды возмещение в полном объеме.","пункт 1 статьи 77 Федерального закона от 10.01.2002 № 7-ФЗ ""Об охране окружающей среды""",1,,
13,Общие вопросы экологического (инспекционного) контроля,"Наличие утвержденной программы производственного экологического контроля (далее - программа) лицом, осуществляющим хозяйственную и (или) иную деятельность на объектах I, II и III категорий.","пункт 2 статьи 67 Федерального закона от 10.01.2002 № 7-ФЗ ""Об охране окружающей среды""",1,,
14,Общие вопросы экологического (инспекционного) контроля,"Имеется утвержденная программа по каждому объекту I, II и III категорий с учетом: - его категории; - применяемых технологий; - особенностей производственного процесса; - оказываемого негативного воздействия на окружающую среду.","пункт 1 требований к содержанию программы производственного экологического контроля, утвержденных приказом Министерства природных ресурсов и экологии Российской Федерации от 18.02.2022 № 109",1,,
15,Общие вопросы экологического (инспекционного) контроля,"Утвержденная программа производственного экологического контроля соответствует установленным требованиям к ее содержанию, достоверности и полноте сведений.","пункт 3 статьи 67 Федерального закона от 10.01.2002 № 7-ФЗ ""Об охране окружающей среды""; пункты 2 - 9 требований к содержанию программы производственного экологического контроля, утвержденных приказом Министерства природных ресурсов и экологии Российской Федерации от 18.02.2022 №109",1,,
16,Общие вопросы экологического (инспекционного) контроля,Производственный экологический контроль осуществляется в соответствии с программой производственного экологического контроля.,"пункт 2 статьи 67 Федерального закона от 10.01.2002 № 7-ФЗ ""Об охране окружающей среды""",1,,
17,Общие вопросы экологического (инспекционного) контроля,"Отчет об организации и о результатах осуществления производственного экологического контроля достоверен и представлен не позднее 25-го марта года, следующего за отчетным периодом (календарным годом).",пункт 1 Приложения 2 требований к порядку и срокам предоставления отчета об организации и о результатах осуществления производственного экологического контроля к приказу Министерства природных ресурсов и экологии Российской Федерации от 18.02.2022 № 109,1,,
18,Общие вопросы экологического (инспекционного) контроля,"Осуществляется документирование и хранение достоверных данных, полученных по результатам осуществления производственного экологического контроля.","пункты 2, 6 статьи 67 Федерального закона от 10.01.2002 № 7-ФЗ ""Об охране окружающей среды""; Приказ МПР от 14.06.2018№ 261 ""Об утверждении формы отчета об организации и о результатах осуществления производственного экологического контроля"";",1,,
19,Общие вопросы экологического (инспекционного) контроля,"При осуществлении производственного экологического контроля проводятся измерения выбросов, сбросов загрязняющих веществ в отношении загрязняющих веществ, характеризующих применяемые технологии и особенности производственного процесса на объекте, оказывающем негативное воздействие на окружающую среду (маркерных веществ).","пункт 5 статьи 67 Федерального закона от 10.01.2002 № 7-ФЗ ""Об охране окружающей среды""",1,,
20,Общие вопросы экологического (инспекционного) контроля,Сведения о текущих затратах на охрану окружающей среды (форма № 4-ОС) предоставлены,Приказ Росстата от 26.08.2021 №516,1,,
21,Общие вопросы экологического (инспекционного) контроля,План природоохранных мероприятий разработан и утвержден в установленные сроки,пункт 6.2.2 СТО Газпром трансгаз Чайковский 16-001-2023,1,,
22,Общие вопросы экологического (инспекционного) контроля,Отчет о выполнении плана природоохранных мероприятий формируется ежеквартально в установленные сроки,пункт 6.2.2 СТО Газпром трансгаз Чайковский 16-001-2023,1,,
23,Общие вопросы экологического (инспекционного) контроля,Инспекционный контроль в области охраны окружающей среды организован,пункт 1.2 СТО Газпром трансгаз Чайковский 16-005-2023,1,,
24,Общие вопросы экологического (инспекционного) контроля,Утвержден план-график Инспекционного контроля в области охраны окружающей среды,пункт 7.2.6 СТО Газпром трансгаз Чайковский 16-005-2023,1,,
25,Общие вопросы экологического (инспекционного) контроля,Разработан (актуализирован) и утвержден чек-лист по проведению инспекционного контроля в области охраны окружающей среды уровня филиала Общества (с учетом специфики объекта),пункт 7.2.3 СТО Газпром трансгаз Чайковский 16-005-2023,1,,
26,Общие вопросы экологического (инспекционного) контроля,Оформляются акты-предписания по результатам Инспекционного контроля в области охраны окружающей среды,пункт 7.2.9 СТО Газпром трансгаз Чайковский 16-005-2023,1,,
27,Общие вопросы экологического (инспекционного) контроля,"В отношении выявленных несоответствий устанавливаются причины, планируются коррекция и корректирующие действия","Методические рекомендации по управлению несоответствиями в системе экологического менеджмента ПАО ""Газпром"" от 28.12.2022",1,,
28,Общие вопросы экологического (инспекционного) контроля,Отчеты о выполнении Плана корректирующих действий оформляются в установленном порядке,"Методические рекомендации по управлению несоответствиями в системе экологического менеджмента ПАО ""Газпром"" от 28.12.2023",1,,
29,Общие вопросы экологического (инспекционного) контроля,Организовано проведение технической уебы рабочих и специалистов по вопросам охраны окружающей среды,"Положение о Системе непрерывного фирменного профессионального образования персонала ООО ""Газпром трансгаз Чайковский"", утв. приказом от 30.12.2016 № 1655",1,,
30,Общие вопросы экологического (инспекционного) контроля,В структурных подразделениях разработаны и утверждены Производственные инструкиции по ООС,"Приказ ООО ""Газпром трансгаз Чайковский"" от 27.08.2018 №1067, от 27.12.2018 №1685",1,,
31,Общие вопросы экологического (инспекционного) контроля,Осуществляется анализ несоответствии с целью исключения выявления повторяющихся несоответствий,Рассылка по средствам внутренних писем за подписью Руководства Общества,1,,
32,Земельный контроль,Имеются правоустанавливающие документы на право пользования земельным участком,"статьи 26, 39 Земельного кодекса Российской Федерации от 25.10.2001 № 136-ФЗ",2,"На территории, прилегающей к ГКС-4, осуществляется отстой техники Горнозаводского ЛПУМГ (трубоукладчики, бульдозер) в условиях отсутствия правоустанавливающих документов на право пользования земельным участком.",
33,Земельный контроль,"Имеются проекты восстановления загрязненных земель в зонах временного и (или) постоянного использования земель при строительстве и эксплуатации объектов нефтегазодобывающих производств, объектов переработки, транспортировки, хранения и реализации нефти, газа и продуктов их переработки (В рамках согласованных ПЛАРН)","пункт 3 статьи 46 Федерального закона от 10.01.2002 № 7-ФЗ ""Об охране окружающей среды""",1,,
34,Земельный контроль,В целях охраны земель проводятся мероприятия по защите земель от: - водной и ветровой эрозии; - селей; - подтопления; - заболачивания; - вторичного засоления; - иссушения; - уплотнения; - загрязнения химическими веществами; - загрязнения отходами производства и потребления; - другого негативного воздействия.,подпункт 2 пункта 2 статьи 13 Земельного кодекса Российской Федерации от 25.10.2001 № 136-ФЗ,1,,
35,Земельный контроль,"В случаях осуществления деятельности, приведшей к ухудшению качества земель проводится рекультивация земель.",пункт 5 статьи 13 Земельного кодекса Российской Федерации от 25.10.2001 № 136-ФЗ,1,,
36,Земельный контроль,"Разработка проекта рекультивации земель и рекультивация земель, разработка проекта консервации земель и консервация земель обеспечиваются лицами, деятельность которых привела к деградации земель.","пункт 3 Постановление Правительства РФ от 10.07.2018 N 800 ""О проведении рекультивации и консервации земель""",1,,
37,Земельный контроль,"Рекультивация земель, консервация земель осуществляются в соответствии с утвержденными проектом рекультивации земель, проектом консервации земель путем проведения технических и (или) биологических мероприятий.","пункт 8 Постановление Правительства РФ от 10.07.2018 N 800 ""О проведении рекультивации и консервации земель""",1,,
38,Земельный контроль,"Проект рекультивации земель, за исключением случаев подготовки проекта рекультивации в составе проектной документации на строительство, реконструкцию объекта капитального строительства и случаев, предусмотренных пунктом 23 настоящих Правил согласован в установленном порядке","пункт 8 Постановление Правительства РФ от 10.07.2018 N 800 ""О проведении рекультивации и консервации земель""",1,,
39,Земельный контроль,"Обеспечено восстановление (рекультивация) земель до состояния, пригодного для их использования в соответствии с целевым назначением и разрешенным использованием, путем обеспечения соответствия качества земель нормативам качества окружающей среды","пункт 8 Постановление Правительства РФ от 10.07.2018 N 800 ""О проведении рекультивации и консервации земель""",1,,
40,Земельный контроль,"Завершение работ по рекультивации земель, консервации земель подтверждается актом о рекультивации земель","пункт 8 Постановление Правительства РФ от 10.07.2018 N 800 ""О проведении рекультивации и консервации земель""",1,,
41,Земельный контроль,"В срок не позднее чем 30 календарных дней со дня подписания акта лицо, исполнительный орган государственной власти, орган местного самоуправления, обеспечившие проведение рекультивации земель, направляют уведомление о завершении работ по рекультивации земель с приложением копии указанного акта лицам, с которыми проект рекультивации земель подлежит согласованию, а также в уполномоченные федеральные органы исполнительной власти","пункт 8 Постановление Правительства РФ от 10.07.2018 N 800 ""О проведении рекультивации и консервации земель""",1,,
42,Земельный контроль,В отношении земель и почв не допускается: - загрязнения; - истощения; - деградации; - порчи; - уничтожения; - осуществления иного негативного воздействия.,"абзацы 7,8 статьи 42 Земельного кодекса Российской Федерации от 25.10.2001 № 136-ФЗ",2,"1.На территории, прилегающей к ГКС-4, при организации отстоя техники Горнозаводского ЛПУМГ (трубоукладчики, бульдозер) филиалом в целях охраны земель не проводятся мероприятия по снижению негативного воздействия 2.На территориях объектов Горнозаводского ЛПУМГ осуществляется размещение железобетонного боя, а также ж/б конструкций, потерявших потребительские свойства в условиях способствующих порчи, деградации, истощения почв.",
43,Земельный контроль,Соблюдаются требования о запрете самовольного снятия или перемещения плодородного слоя почвы.,ст. 8.6 КоАП РФ от 30.12.2001 № 195-ФЗ.,1,,
44,Земельный контроль,"Сведения о рекультивации земель, снятии и использовании плодородного слоя почвы (форма № 2-ТП (рекультивация)) предоставлены",Приказ Росстата от 29.12.2012 №676,1,,
45,Земельный контроль,"Имеется проект освоения лесов, на который получено положительное заключение государственной или муниципальной экспертизы. Условия проекта соблюдаются.","пункт 1 статьи 88, пункт 1 статьи 89 Лесного кодекса Российской Федерации от 04.12.2006 № 200-ФЗ",1,,
46,Земельный контроль,Лесная декларация предоставлена своевременно и в полном объеме.,"пункт 2 статьи 26 Лесного кодекса Российской Федерации от 04.12.2006 № 200-ФЗ; пункты 2-5 формы лесной декларации, порядка ее заполнения и подачи, требований к формату лесной декларации в электронной форм, утвержденной приказом Министерства природных ресурсов и экологии Российской Федерации от 29.04.2021г. № 303",1,,
47,Земельный контроль,Соблюдается план-график проведение мониторинга уровня загрязнения почв в районах влияния объектов Общества,Утвержденный план-график мониторинга почв ЛПЭМ ИТЦ,1,,
48,Земельный контроль,"Имеется разработанный, утвержденный и согласованный в установленном порядке План предупреждения и ликвидации разливов нефти и нефтепродуктов.","п. 3, п. 4, п.6 ст. 46 Федерального закона от 10.01.2002 № 7-ФЗ ""Об охране окружающей среды""",1,,
49,Контроль в области обращения с отходами,"Деятельность по сбору, транспортированию, обработке, утилизации, обезвреживанию, размещению отходов I-IV классов опасности осуществляется при наличии лицензии, полученной в соответствии с Федеральным законом от 04.05.2011 №99-ФЗ ""О лицензировании отдельных видов деятельности"" и с учетом требований Федерального закона от 24.06.1998 №89-ФЗ ""Об отходах производства и потребления""","пункт 1 статьи 9 Федерального закона от 24.06.1998 № 89-ФЗ ""Об отходах производства и потребления"" пункт 30 части 1 статьи 12 Федерального закона от 04.05.2011 № 99-ФЗ ""О лицензировании отдельных видов деятельности""",1,,
50,Контроль в области обращения с отходами,Наличие внутреннего распорядительного документа о назначении ответственных лиц за обращение с отходами производства и потребления,"статья 11 Федерального закона от 24.06.1998 N 89-ФЗ ""Об отходах производства и потребления""",1,,
51,Контроль в области обращения с отходами,Для ОНВ разработан проект нормативов образования отходов и лимитов на размещение отходов в целях уменьшения количества их образования,"статья 11 Федерального закона от 24.06.1998 N 89-ФЗ ""Об отходах производства и потребления""",1,,
52,Контроль в области обращения с отходами,Для ОНВ проведена инвентаризация отходов производства и потребления и объектов их размещения,"статьи 67 Федерального закона от 10.01.2002 № 7-ФЗ ""Об охране окружающей среды""",1,,
53,Контроль в области обращения с отходами,"Условия накопления определяются классом опасности отходов, способом упаковки с учетом агрегатного состояния и надежности тары. Тара для селективного сбора и накопления отдельных разновидностей отходов должна иметь маркировку, характеризующую находящиеся в ней отходы",пункт 218 СанПин 2.1.3684-21 часть Х,1,,
54,Контроль в области обращения с отходами,Накопление отходов I - II классов опасности должно осуществляться в закрытых складах раздельно,пункт 219 СанПин 2.1.3684-21 часть Х,1,,
55,Контроль в области обращения с отходами,Соблюдаются условия накопления отходов I класса опасности,пункт 218 СанПин 2.1.3684-21 часть Х,1,,
56,Контроль в области обращения с отходами,"Накопление поврежденных отработанных ртутьсодержащих ламп производится в герметичной транспортной упаковке, исключающей загрязнение окружающей среды и причинение вреда жизни и здоровью человека.",пункт 7 Постановление Правительства РФ от 28.12.2020 N 2314,1,,
57,Контроль в области обращения с отходами,Накопление отработанных ртутьсодержащих ламп производится отдельно от других видов отходов. Не допускается совместное накопление поврежденных и неповрежденных ртутьсодержащих ламп,пункт 7 Постановление Правительства РФ от 28.12.2020 N 2314,1,,
58,Контроль в области обращения с отходами,"Накопление неповрежденных отработанных ртутьсодержащих ламп производится в индивидуальной и транспортной упаковках, обеспечивающих сохранность отработанных ртутьсодержащих ламп. Допускается использовать для накопления отработанных ртутьсодержащих ламп упаковку от новых ламп в целях исключения возможности повреждения таких ламп.",пункт 6 Постановления Правительства РФ от 28.12.2020 N 2314,1,,
59,Контроль в области обращения с отходами,Соблюдается запрет на захоронение отработанных ртутьсодержащих ламп,пункт 14 Постановления Правительства РФ от 28.12.2020 N 2314,1,,
60,Контроль в области обращения с отходами,Соблюдаются условия накопления отходов 2 класса опасности,СанПин 2.1.3684-21 часть Х,1,,
61,Контроль в области обращения с отходами,"При накоплении отходов во временных складах, на открытых площадках без тары (навалом, насыпью) или в негерметичной таре соблюдаются следующие условия: - временные склады и открытые площадки расположены по отношению к жилой застройке в соответствии с требованиями к санитарно-защитным зонам; - поверхность отходов, накапливаемых насыпью на открытых площадках или открытых приемниках-накопителях, защищена от воздействия атмосферных осадков и ветров (укрытие брезентом, оборудование навесом); - поверхность площадки имеет твердое покрытие (асфальт, бетон, полимербетон, керамическая плитка)",пункт 220 СанПин 2.1.3684-21 часть Х,1,,
62,Контроль в области обращения с отходами,"На территории предприятия в месте накопления отходов на открытых площадках имеется ливневая канализация, за исключением накопления отходов в водонепроницаемой таре",пункт 221 СанПин 2.1.3684-21 часть Х,1,,
63,Контроль в области обращения с отходами,"Соблюдаются критерии предельного накопления промышленных отходов на территории промышленной организации является содержание специфических для данного отхода вредных веществ в воздухе закрытых помещений на уровне до 2 м, которое не должно быть выше 30% от ПДК в воздухе рабочей зоны, по результатам измерений, проводимых по мере накопления отходов, но не реже 1 раза в 6 месяцев",пункт 224 СанПин 2.1.3684-21 часть Х,1,,
64,Контроль в области обращения с отходами,"Имеются места (площадки) накопления отходов при эксплуатации зданий, сооружений и иных объектов, в процессе эксплуатации которых образуются отходы.",пункт 215 СанПин 2.1.3684-21 часть Х,1,,
65,Контроль в области обращения с отходами,"В случае раздельного накопления отходов на контейнерной площадке их владельцем предусмотрены контейнеры для каждого вида отходов или группы однородных отходов, исключающие смешивание различных видов отходов или групп отходов, либо групп однородных отходов",пункт 7 СанПин 2.1.3684-21 часть Х,1,,
66,Контроль в области обращения с отходами,Осуществляется временное складирование отходов производства и потребления на специально оборудованных местах хранения.,пункт 216 СанПин 2.1.3684-21 часть Х,1,,
67,Контроль в области обращения с отходами,"Обеспечено проведение уборки, дезинсекции и дератизации контейнерной и (или) специальной площадки в зависимости от температуры наружного воздуха, количества контейнеров на площадке","пункт 8 СанПин 2.1.3684-21 часть Х, Приложение №1",1,,
68,Контроль в области обращения с отходами,Не допускается промывка контейнеров и (или) бункеров на контейнерных площадках,пункт 8 СанПин 2.1.3684-21 часть Х,1,,
69,Контроль в области обращения с отходами,"При накоплении ТКО, в том числе при раздельном сборе отходов исключена возможность попадания отходов из мусоросборников на контейнерную площадку",пункт 9 СанПин 2.1.3684-21 часть Х,1,,
70,Контроль в области обращения с отходами,Срок временного накопления несортированных ТКО определяется исходя из среднесуточной температуры наружного воздуха в течение 3-х суток,пункт 11 СанПин 2.1.3684-21 часть Х,1,,
71,Контроль в области обращения с отходами,"Соблюдаются требования по отходам производства и потребления, в состав которых входят полезные компоненты, захоронение которых запрещается",Распоряжения Правительства РФ №1589-р от 25.07.2017,1,,
72,Контроль в области обращения с отходами,Отходы I и II классов опасности передаются на основании договоров с федеральным оператором,"пункт 1 статья 14.4 Федерального закона от 24.06.1998 № 89-ФЗ ""Об отходах производства и потребления""",1,,
73,Контроль в области обращения с отходами,Твердые коммунальные отходы передаются на основании договоров с региональным оператором,"пункт 4 статьи 24.7 Федерального закона от 24.06.1998 № 89-ФЗ ""Об отходах производства и потребления""",1,,
74,Контроль в области обращения с отходами,Осуществляется деятельность по размещению отходов только на внесенных в государственный реестр объектах размещения отходов.,"пункт 7 статьи 12 Федерального закона от 24.06.1998 № 89-ФЗ ""Об отходах производства и потребления""",1,,
75,Контроль в области обращения с отходами,Соблюдается запрет на сброс отходов производства и потребления: - в поверхностные и подземные водные объекты; - на водосборные площади; - в недра; - на почву.,"пункт 2 статьи 51 Федерального закона от 10.01.2002 № 7-ФЗ ""Об охране окружающей среды""",1,,
76,Контроль в области обращения с отходами,"Лицом, в процессе деятельности которого образуются отходы I - V классов опасности, осуществляется отнесение соответствующих отходов к конкретному классу опасности","пункт 1 статьи 14 Федерального закона от 24.06.1998 № 89-ФЗ ""Об отходах производства и потребления""",1,,
77,Контроль в области обращения с отходами,Имеются паспорта отходов I - IV классов опасности.,"пункт 3 статьи 14 Федерального закона от 24.06.1998 № 89-ФЗ ""Об отходах производства и потребления""; Приказ Минприроды России от 08.12.2020 №1026 ""Об утверждении порядка паспортизации и типовых форм паспортов отходов I - IV классов опасности""",1,,
78,Контроль в области обращения с отходами,"Имеются документы о квалификации, выданные по результатам прохождения профессионального обучения или получения дополнительного профессионального образования, необходимые для работы с отходами I - IV классов опасности, у лиц, которые допущены к сбору, транспортированию, обработке, утилизации, обезвреживанию, размещению отходов I - IV классов опасности","пункт 1 статьи 15 Федерального закона от 24.06.1998 № 89-ФЗ ""Об отходах производства и потребления""",1,,
79,Контроль в области обращения с отходами,При осуществлении хозяйственной и (или) иной деятельности на объектах I и II категорий нормативы образования отходов и лимиты на их размещение разработаны,"пункт 2 статьи 18 Федерального закона от 24.06.1998 № 89-ФЗ ""Об отходах производства и потребления""",1,,
80,Контроль в области обращения с отходами,При осуществлении хозяйственной и (или) иной деятельности на объектах II категории информация об объеме или о массе образовавшихся и размещенных отходов включена в декларацию о воздействии на окружающую среду,"пункты 4 статьи 18 Федерального закона от 24.06.1998 № 89-ФЗ ""Об отходах производства и потребления""",1,,
81,Контроль в области обращения с отходами,"При осуществлении хозяйственной и (или) иной деятельности на объектах III категории отчетность об образовании, использовании, обезвреживании, о размещении отходов представлена в уполномоченный Правительством Российской Федерации федеральный орган исполнительной власти или исполнительные органы государственной власти субъектов Российской Федерации в соответствии с их компетенцией в уведомительном порядке","пункт 5 статьи 18 Федерального закона от 24.06.1998 № 89-ФЗ ""Об отходах производства и потребления""",1,,
82,Контроль в области обращения с отходами,Соблюдаются лимиты на размещение отходов,"пункт 8 статьи 18 Федерального закона от 24.06.1998 № 89-ФЗ ""Об отходах производства и потребления""",1,,
83,Контроль в области обращения с отходами,"Учет образовавшихся, утилизированных, обезвреженных, переданных другим лицам или полученных от других лиц, а также размещенных отходов ведется в установленном порядке","пункт 1 статьи 19 Федерального закона от 24.06.1998 № 89-ФЗ ""Об отходах производства и потребления""; Приказ Минприроды России от 08.12.2020 №1028 ""Об утверждении порядка учета в области обращения с отходами""",1,,
84,Контроль в области обращения с отходами,"Лицом, осуществляющим деятельность в области обращения с отходами, предоставляется статистическая отчетность в области обращения с отходами","пункт 2 статьи 19 Федерального закона от 24.06.1998 № 89-ФЗ ""Об отходах производства и потребления""; Приказ Росстата от 09.10.2020 № 627",1,,
85,Контроль в области обращения с отходами,"Накопление, хранение отходов аккумуляторов транспортных средств осуществляются в помещениях, обеспеченных приточно-вытяжной вентиляцией, в которые исключен доступ посторонних лиц. Накопление и хранение отходов аккумуляторов транспортных средств, заполненных кислотными и щелочными электролитами, должны осуществляться раздельно.","пункт 10 Приказ Минприроды России от 11.06.2021 N 399 ""Об утверждении требований при обращении с группами однородных отходов I - V классов опасности""",1,,
86,Контроль в области обращения с отходами,"Накопление отходов аккумуляторов транспортных средств, имеющих признаки течи, нарушения герметичности или целостности корпуса аккумулятора, осуществляется в кислотоупорной таре либо щелочеустойчивой таре (в зависимости от вида аккумулятора) отдельно от иных отходов аккумуляторов транспортных средств.","пункт 8 Приказ Минприроды России от 11.06.2021 N 399 ""Об утверждении требований при обращении с группами однородных отходов I - V классов опасности""",1,,
87,Контроль в области обращения с отходами,"Помещение, предназначенное для накопления или хранения отходов аккумуляторов транспортных средств, содержащих электролиты, должно быть оборудовано средствами для ликвидации возможного пролива электролитов, обеспечивающими их нейтрализацию.","пункт 15 Приказ Минприроды России от 11.06.2021 N 399 ""Об утверждении требований при обращении с группами однородных отходов I - V классов опасности""",1,,
88,Контроль в области обращения с отходами,"Отходы батарей и аккумуляторов подлежат накоплению отдельно от других отходов. Не допускается смешивать отходы батарей и аккумуляторов с иными отходами производства и потребления, в том числе с твердыми коммунальными отходами.","пункт 23 Приказ Минприроды России от 11.06.2021 N 399 ""Об утверждении требований при обращении с группами однородных отходов I - V классов опасности""",1,,
89,Контроль в области обращения с отходами,"Места (площадки) накопления отходов батарей и аккумуляторов, образующихся у граждан, должны быть снабжены специализированными контейнерами (емкостями), конструкция которых исключает попадание в накапливаемые отходы атмосферных осадков","пункт 27 Приказ Минприроды России от 11.06.2021 N 399 ""Об утверждении требований при обращении с группами однородных отходов I - V классов опасности""",1,,
90,Контроль в области обращения с отходами,"Накопление неповрежденных отходов батарей и аккумуляторов осуществляется раздельно от поврежденных отходов батарей и аккумуляторов, имеющих признаки течи, нарушения герметичности или целостности корпуса аккумулятора, батарей и аккумуляторов","пункт 28 Приказ Минприроды России от 11.06.2021 N 399 ""Об утверждении требований при обращении с группами однородных отходов I - V классов опасности""",1,,
91,Контроль в области обращения с отходами,"Контейнеры (емкости) для накопления поврежденных отходов батарей и аккумуляторов изготавливаются из материалов, устойчивых к воздействию кислот и щелочей.","пункт 29 Приказ Минприроды России от 11.06.2021 N 399 ""Об утверждении требований при обращении с группами однородных отходов I - V классов опасности""",1,,
92,Контроль в области обращения с отходами,"Накопление, хранение отходов батарей и аккумуляторов осуществляются в помещениях, обеспеченных приточно-вытяжной вентиляцией, в которые исключен доступ посторонних лиц.","пункт 31 Приказ Минприроды России от 11.06.2021 N 399 ""Об утверждении требований при обращении с группами однородных отходов I - V классов опасности""",1,,
93,Контроль в области обращения с отходами,"Не допускается смешивать отходы масел с маслами и иными аналогичными продуктами, содержащими галогенированные органические вещества, с пластичными смазками, органическими растворителями, жирами, лаками, красками и иными химическими продуктами, наличие которых исключает возможность утилизации отходов масел","пункт 44 Приказ Минприроды России от 11.06.2021 N 399 ""Об утверждении требований при обращении с группами однородных отходов I - V классов опасности""",1,,
94,Контроль в области обращения с отходами,"Накопление отходов масел осуществляется в закрытых емкостях. Нестационарные емкости размещаются на поддонах, исключающих утечку отходов масел.","пункт 46 Приказ Минприроды России от 11.06.2021 N 399 ""Об утверждении требований при обращении с группами однородных отходов I - V классов опасности""",1,,
95,Контроль в области обращения с отходами,"Накопление, хранение отходов электронного и электрического оборудования осуществляются в местах (площадках) накопления, на специализированных объектах хранения, представляющих собой помещения, оснащенные воздухообменной вентиляцией и средствами пожаротушения, исключающие доступ к таким отходам посторонних лиц.","пункт 60 Приказ Минприроды России от 11.06.2021 N 399 ""Об утверждении требований при обращении с группами однородных отходов I - V классов опасности""",1,,
96,Контроль в области обращения с отходами,"Накопление, хранение отходов шин осуществляются соответственно в местах (площадках) накопления отходов, на специализированных объектах хранения, представляющих собой помещения или крытые площадки, имеющие ограждение, в которые исключен доступ посторонних лиц. Допускается хранение отходов шин на открытых площадках при условии их укрытия влагостойкими материалами.","пункт 75 Приказ Минприроды России от 11.06.2021 N 399 ""Об утверждении требований при обращении с группами однородных отходов I - V классов опасности""",2,"На обочинах подъездных дорог к ГКС-3, ГКС-4 в местах пересечения с МГ ЛЧ допускается размещение отходов 4 класса опасности (покрышки пневматических шин отработанных) вне установленных мест накопления отходов в нарушение санитарных и природоохранных норм.",
97,Контроль в области обращения с отходами,"Отходы шин подлежат накоплению отдельно от других отходов. Не допускается смешивать отходы шин с иными отходами производства и потребления, в том числе с твердыми коммунальными отходами. Не допускается осуществлять сброс отходов шин в водные объекты, на водосборные площади, на почву.","пункт 70 Приказ Минприроды России от 11.06.2021 N 399 ""Об утверждении требований при обращении с группами однородных отходов I - V классов опасности""",1,,
98,Контроль в области обращения с отходами,"Накопление, хранение отходов шин осуществляется соответственно в местах накопления отходов, оснащенных средствами пожаротушения","пункт 75 приказа Минприроды России от 11.06.2021 №399 ""Об утверждении требований при обращении с группами однородных отходов 1-5 классов опасности""",1,,
99,Контроль в области охраны атмосферного воздуха,Проведена инвентаризация стационарных источников и выбросов загрязняющих веществ в атмосферный воздух,"пункт 1 Приказа Минприроды России от 19.11.2021 N 871 ""Об утверждении Порядка проведения инвентаризации стационарных источников и выбросов загрязняющих веществ в атмосферный воздух, корректировки ее данных, документирования и хранения данных, полученных в результате проведения таких инвентаризации и корректировки""",1,,
100,Контроль в области охраны атмосферного воздуха,Предельно допустимые выбросы загрязняющих веществ в атмосферный воздух установлены,"пункт 1 статьи 12 Федерального закона от 04.05.1999 № 96-ФЗ ""Об охране атмосферного воздуха""",1,,
101,Контроль в области охраны атмосферного воздуха,В случае невозможности соблюдения предельно допустимых выбросов и(или) технологических нормативово выбросов имеются установленные временно разрешенные выбросы,"пункт 4 статьи 12 Федерального закона от 04.05.1999 № 96-ФЗ ""Об охране атмосферного воздуха""",1,,
102,Контроль в области охраны атмосферного воздуха,"В случае установления временно разрешенных выбросов, имеется и выполняется план мероприятий по охране окружающей среды или программы повышения экологической эффективности (для объектов II и III категории)","часть 2 статьи 23.1 Федерального закона от 10.01.2002 № 7-ФЗ ""Об охране окружающей среды""",1,,
103,Контроль в области охраны атмосферного воздуха,"Выбросы загрязняющих веществ в атмосферный воздух на объектах II категории (за исключением выбросов радиоактивных веществ) осуществляются на основании декларации о воздействии на окружающую среду, представляемой в соответствии с законодательством в области охраны окружающей среды в уполномоченный Правительством Российской Федерации федеральный орган исполнительной власти или орган исполнительной власти субъекта Российской Федерации.","пункт 9 статьи 15 Федерального закона от 04.05.1999 № 96-ФЗ ""Об охране атмосферного воздуха""",1,,
104,Контроль в области охраны атмосферного воздуха,"При осуществлении хозяйственной и (или) иной деятельности на объектах III категории, представляется в уполномоченный Правительством Российской Федерации федеральный орган исполнительной власти или орган исполнительной власти субъекта Российской Федерации в уведомительном порядке отчетность о выбросах загрязняющих веществ в атмосферный воздух (за исключением выбросов радиоактивных веществ)","пункт 9 статьи 15 Федерального закона от 04.05.1999 № 96-ФЗ ""Об охране атмосферного воздуха""",1,,
105,Контроль в области охраны атмосферного воздуха,В организации ведется учет выбросов парниковых газов,Постановление Правительства РФ от 20.04.2022 N 707; Приказ Минприроды России от 27.05.2022 N 371,1,,
106,Контроль в области охраны атмосферного воздуха,Эксплуатация установок очистки газа осуществляется в соответствии с утвержденными правилами,"пункт 1 статьи 16.1 Федерального закона от 04.05.1999 № 96-ФЗ ""Об охране атмосферного воздуха""",1,,
107,Контроль в области охраны атмосферного воздуха,"Определено должностное лицо, ответственное за эксплуатацию ГОУ и ведение паспорта ГОУ","пункт 15 Правила эксплуатации установок очистки газа, утвержденные приказом Министерства природных ресурсов и экологии Российской Федерации от 21.03.2025 № 123",1,,
108,Контроль в области охраны атмосферного воздуха,ГОУ действует бесперебойно и обеспечивает очистку и (или) обезвреживание выбросов от технологического оборудования (установки) в течение всего периода работы этого оборудования (с момента пуска (включения) до полной остановки) на уровне технических характеристик ГОУ,"пункт 6 Правила эксплуатации установок очистки газа, утвержденные приказом Министерства природных ресурсов и экологии Российской Федерации от 21.03.2025 № 124",1,,
109,Контроль в области охраны атмосферного воздуха,"Соблюдается запрет на эксплуаитацию соответствующего технологического оборудования в случае, если ГОУ отключена или не обеспечивает проектную очистку и (или) обезвреживание выбросов","пункт 7 Правил эксплуатации установок очистки газа, утвержденные приказом Министерства природных ресурсов и экологии Российской Федерации от 21.03.2025 № 124",1,,
110,Контроль в области охраны атмосферного воздуха,На ОНВ ведется реестр ГОУ,"пункт 14 Правил эксплуатации установок очистки газа, утвержденные приказом Министерства природных ресурсов и экологии Российской Федерации от 21.03.2025 № 123",1,,
111,Контроль в области охраны атмосферного воздуха,Регистрационный номер нанесен на корпус установки и указан на схеме объекта или его отдельных территорий,"пункт 13 Правил эксплуатации установок очистки газа, утвержденные приказом Министерства природных ресурсов и экологии Российской Федерации от 21.03.2025 № 124",1,,
112,Контроль в области охраны атмосферного воздуха,Паспорт ГОУ разработан и утвержден,"пункт 15 Правила эксплуатации установок очистки газа, утвержденные приказом Министерства природных ресурсов и экологии Российской Федерации от 21.03.2025 № 123",1,,
113,Контроль в области охраны атмосферного воздуха,"Инструкция по эксплуатации ГОУ разработана, утверждена и содержит последовательность действий при пуске и останове ГОУ","пункт 15 Правила эксплуатации установок очистки газа, утвержденные приказом Министерства природных ресурсов и экологии Российской Федерации от 21.03.2025 № 124",1,,
114,Контроль в области охраны атмосферного воздуха,"Технический осмотр ГОУ и проверка показателей работы ГОУ, подлежащих контролю и указанных в паспорте ГОУ, включая проведение лабораторных измерений при необходимости, проводиться не реже двух раз в год","пункт 19 Правила эксплуатации установок очистки газа, утвержденные приказом Министерства природных ресурсов и экологии Российской Федерации от 21.03.2025 № 122",1,,
115,Контроль в области охраны атмосферного воздуха,"Разработана программа технического обслуживания, технического осмотра и проверки показателей работы ГОУ и планово-предупредительного ремонта","пункт 15 Правила эксплуатации установок очистки газа, утвержденные приказом Министерства природных ресурсов и экологии Российской Федерации от 21.03.2025 № 123",1,,
116,Контроль в области охраны атмосферного воздуха,"Планово-предупредительный ремонт ГОУ должен осуществляться в соответствии с программой, но не реже одного раза в год","пункт 23 Правила эксплуатации установок очистки газа, утвержденные приказом Министерства природных ресурсов и экологии Российской Федерации от 21.03.2025 № 124",1,,
117,Контроль в области охраны атмосферного воздуха,"ГОУ оборудована специальными местами отбора проб, оборудованием для измерения параметров отходящих газов, необходимых для определения фактической эффективности работы.","пункт 10 Правил эксплуатации установок очистки газа, утвержденные приказом Министерства природных ресурсов и экологии Российской Федерации от 21.03.2025 № 124",1,,
118,Контроль в области охраны атмосферного воздуха,Места отбора проб на ГОУ соответствуют предъявляемым требованиям,"пункты 2.1, 2.2 ГОСТ 17.2.4.06-90",1,,
119,Контроль в области охраны атмосферного воздуха,"Соблюдается запрет на эксплуатацию технологического оборудования в случае, если установки очистки газа не обеспечивают проектную очистку и (или) обезвреживание выбросов загрязняющих веществ в атмосферный воздух.","пункт 2 статьи 16.1 Федерального закона от 04.05.1999 № 96-ФЗ ""Об охране атмосферного воздуха""",1,,
120,Контроль в области охраны атмосферного воздуха,"Сведения о результатах технического осмотра, проверки фактических показателей работы, планово-предупредительного или внепланового ремонта, устранения обнаруженных неисправностей занесены в паспорт ГОУ в срок, не превышающий 30 календарных дней со дня окончания указанных работ","пункт 27 Правила эксплуатации установок очистки газа, утвержденные приказом Министерства природных ресурсов и экологии Российской Федерации от 21.03.2025 № 124",1,,
121,Контроль в области охраны атмосферного воздуха,К паспорту ГОУ прилагается вся необходимая документация,"пункт 28 Правила эксплуатации установок очистки газа, утвержденные приказом Министерства природных ресурсов и экологии Российской Федерации от 21.03.2025 № 125",1,,
122,Контроль в области охраны атмосферного воздуха,Журнал по форме ПОД-3 (учета работы газоочистных и пылеулавливающих установок) ведется. Данные журнала достоверны,"Приказ Росстата от 08.11.2018 N 661 ""Об утверждении статистического инструментария для организации Федеральной службой по надзору в сфере природопользования федерального статистического наблюдения за охраной атмосферного воздуха""",1,,
123,Контроль в области охраны атмосферного воздуха,Корпус ГОУ (пылеуловитель) и коммуникации герметичны,Инструкция по эксплуатации ГОУ,1,,
124,Контроль в области охраны атмосферного воздуха,Уровень древесной пыли и стружки в накопительном бункере ГОУ находится в допустимых пределах,Инструкция по эксплуатации ГОУ,1,,
125,Контроль в области охраны атмосферного воздуха,Организация взаимодействия при получении прогнозов о НМУ,"пункт 3 статьи 19 Федерального закона от 04.05.1999 № 96-ФЗ ""Об охране атмосферного воздуха""; пункты 1-3 требований к мероприятиям по уменьшению выбросов загрязняющих веществ в атмосферный воздух в периоды неблагоприятных метеорологических условий, утвержденных приказом Министерства природных ресурсов и экологии Российской Федерации от 28.11.2019г. № 811",1,,
126,Контроль в области охраны атмосферного воздуха,"Проведение мероприятия по уменьшению выбросов загрязняющих веществ в атмосферный воздух, согласованных с органами исполнительной власти субъектов Российской Федерации, уполномоченными на осуществление регионального государственного экологического надзора.","пункт 3 статьи 19 Федерального закона от 04.05.1999 № 96-ФЗ ""Об охране атмосферного воздуха""; пункты 1-3 требований к мероприятиям по уменьшению выбросов загрязняющих веществ в атмосферный воздух в периоды неблагоприятных метеорологических условий, утвержденных приказом Министерства природных ресурсов и экологии Российской Федерации от 28.11.2019г. № 811",1,,
127,Контроль в области охраны атмосферного воздуха,При осуществлении хозяйственной деятельности проводится: - инвентаризация стационарных источников выбросов загрязняющих веществ в атмосферный воздух; - документирование и хранение полученных в результате проведения инвентаризации и корректировки этой инвентаризации сведений.,"пункт 1 статьи 22 Федерального закона от 04.05.1999 № 96-ФЗ ""Об охране атмосферного воздуха""; Порядок проведения инвентаризации стационарных источников и выбросов загрязняющих веществ в атмосферный воздух, корректировки ее данных, документирования и хранения данных, полученных в результате проведения таких инвентаризации и корректировки, утвержденного приказом Министерства природных ресурсов и экологии Российской Федерации от 19.11.2021г. № 871",1,,
128,Контроль в области охраны атмосферного воздуха,Соблюдаются требования к организации и оформлению санитарно-защитных зон.,"СанПиН 2.2.1.2.1.1.1200-03 ""Санитарно-защитные зоны и санитарная классификация предприятий, сооружений и иных объектов""; Постановление Правительства Российской Федерации от 03.03.2018 № 222 ""Об утверждении правил установления санитарно-защитных зон и использования земельных участков, расположенных в границах санитарно-защитных зон"".",1,,
129,Контроль в области охраны атмосферного воздуха,Осуществляется учет выбросов загрязняющих веществ в атмосферный воздух и их источников.,"пункт 1 статьи 30 Федерального закона от 04.05.1999 № 96-ФЗ ""Об охране атмосферного воздуха""",1,,
130,Контроль в области охраны атмосферного воздуха,Сведения об охране атмосферного воздуха (форма № 2-ТП (воздух)) предоставлены,Приказ Росстата от 08.11.2018 №661,1,,
131,Контроль в области охраны атмосферного воздуха,Отчет о выбросах парниковых газов предоставлен до 1 июля в уполномоченный федеральный орган исполнительной власти в установленной форме,"п.2 ст.7 ФЗ ""Об ограничении выбросов парниковых газов"" от 02.07.2021",1,,
132,Контроль в области охраны атмосферного воздуха,Контроль выбросов ЗВ в атмосферный воздух от автотранспорта,"пункт 2 статьи 30 Федерального закона от 04.05.1999 № 96-ФЗ ""Об охране атмосферного воздуха""",1,,
133,Контроль в области охраны атмосферного воздуха,На ОНВ соблюдается график проведения инструментального контроля за выбросами загрязняющих веществ в атмосферный воздух от стационарных источников,"пункт 1 статьи 16.1, пункты 2,3, 4 статьи 16.2 Федерального закона от 10.01.2002 № 7-ФЗ ""Об охране окружающей среды""",1,,
134,Контроль в области охраны атмосферного воздуха,Соблюдается план-график проведение мониторинга атмосферного воздуха и уровня звукового воздействия на границе СЗЗ и ближайшей жилой застройки,Утвержденный план-график мониторинга атмосферного воздуха ЛПЭМ ИТЦ,1,,
135,Контроль в области охраны атмосферного воздуха,Приборы инструментального контроля за выбросами загрязняющих веществ в атмосферный воздух от стационарных источников проходят периодическую поверку,"статья 12 Федерального закона от 26.06.2008 N 102-ФЗ ""Об обеспечени единства измерений""",1,,
136,Контроль в области использования и охраны водных объектов,Проведена инвентаризация сбросов загрязняющих веществ в окружающую среду,"Постановление Правительства РФ от 13.07.2019 N 891 ""Об утверждении Правил проведения инвентаризации сбросов загрязняющих веществ в окружающую среду""",1,,
137,Контроль в области использования и охраны водных объектов,Определены нормативы допустимых сбросов веществ и микроорганизмов в водные объекты,"пункт 1 статьи 22 Федерального закона от 10.01.2002 № 7-ФЗ ""Об охране окружающей среды""",1,,
138,Контроль в области использования и охраны водных объектов,При невозможности соблюдения нормативов допустимых сбросов веществ и микроорганизмов в водные объекты установлены временно разрешенные сбросы,"пункт 1 статьи 23.1 Федерального закона от 10.01.2002 № 7-ФЗ ""Об охране окружающей среды""; Правила выдачи разрешения на временные сбросы, утвержденных Постановлением Правительства Российской Федерации от 16.05.2022г. № 886",0,,
139,Контроль в области использования и охраны водных объектов,Соблюдаются нормативы допустимых сбросов веществ и микроорганизмов в водные объекты,"пункты 2, 3 статьи 21 Федерального закона от 10.01.2002 № 7-ФЗ ""Об охране окружающей среды""",1,,
140,Контроль в области использования и охраны водных объектов,Имеется План мероприятий по охране окружающей среды или Программа повышения экологической эффективности,"пункт 2 ст. 23.1 Федерального закона от 10.01.2002 № 7-ФЗ ""Об охране окружающей среды""",1,,
141,Контроль в области использования и охраны водных объектов,Выполняется План мероприятий по охране окружающей среды или Программа повышения экологической эффективности,"пункт 11 статьи 67.1 Федерального закона от 10.01.2002 № 7-ФЗ ""Об охране окружающей среды""",1,,
142,Контроль в области использования и охраны водных объектов,Осуществляется пользование водными объектами на основании договора водопользования,часть 2 статьи 11 Водного кодекса Российской Федерации от 03.06.2006 № 74-ФЗ,1,,
143,Контроль в области использования и охраны водных объектов,Осуществляется пользование водными объектами на основании решения о предоставлении водного объекта в пользование,часть 3 статьи 11 Водного кодекса Российской Федерации от 03.06.2006 № 74-ФЗ,1,,
144,Контроль в области использования и охраны водных объектов,Соблюдаются в полном объеме условия договора водопользования.,Договор водопользования,1,,
145,Контроль в области использования и охраны водных объектов,Соблюдаются условия решения о предоставлении водного объекта в пользование,Решение о предоставлении водного объекта в пользование,1,,
146,Контроль в области использования и охраны водных объектов,"Определено должностное лицо, ответственное за исправное состояние и безопасную оборудования и сооружений хозяйства водоснабжения и водоотведения",пункт 5.9 СТО Газпром 2-1.10-895-2014,1,,
147,Контроль в области использования и охраны водных объектов,"Определено должностное лицо, ответственное за организацию и ведение лабораторных работ по контролю очистки сточных вод",пункт 5.9 СТО Газпром 2-1.10-895-2014,1,,
148,Контроль в области использования и охраны водных объектов,"Определено должностное лицо, ответственное за учет водопотребления и водоотведения","пункт 14 Приказа Минприроды России от 09.11.2020 N 903 ""Об утверждении Порядка ведения собственниками водных объектов и водопользователями учета объема забора (изъятия) водных ресурсов из водных объектов и объема сброса сточных, в том числе дренажных, вод, их качества""",1,,
149,Контроль в области использования и охраны водных объектов,Разработана и утверждена инстукция по эксплуатации очистных сооружений,"пункт 7.1.1 ""МДК 3-02.2001. Правила технической эксплуатации систем и сооружений коммунального водоснабжения и канализации""",1,,
150,Контроль в области использования и охраны водных объектов,Разработан и утвержден паспорт очистных сооружений,"пункт 3.2.5 ""МДК 3-02.2001. Правила технической эксплуатации систем и сооружений коммунального водоснабжения и канализации""",1,,
151,Контроль в области использования и охраны водных объектов,Технологический контроль проводится с целью обеспечения всесторонней оценки технологической эффективности работы очистных сооружений по требуемой степени очистки воды и обработки осадков.,"пункт 3.3.13 ""МДК 3-02.2001. Правила технической эксплуатации систем и сооружений коммунального водоснабжения и канализации""",2,На очистных сооружениях хозяйственно-бытовой канализации ГКС-4 допускается останов системы аэрации,
152,Контроль в области использования и охраны водных объектов,Технологический контроль осуществляют регулярно. Все данные наблюдений и измерений заносят в журналы установленной формы.,"пункт 3.3.15 ""МДК 3-02.2001. Правила технической эксплуатации систем и сооружений коммунального водоснабжения и канализации""",1,,
153,Контроль в области использования и охраны водных объектов,"В период весеннего паводкаосуществляется усиленное наблюдение за сетью канализации, не допускается сброс в сеть талых вод, мусора и сколотого льда",пункт 8.2.9 СТО Газпром 2-1.10-895-2014,1,,
154,Контроль в области использования и охраны водных объектов,Эксплуатация очистных сооружений осуществляется в соответствии с утвержденной режимной картой,Акт по результатам проведения режимно-наладочных испытаний и проверке выполнения рекомендаций (ИТЦ),1,,
155,Контроль в области использования и охраны водных объектов,Эксплуатационным персоналом выполняются рекомендации по повышению эффективности работы оборудования,Акт по результатам проведения режимно-наладочных испытаний и проверке выполнения рекомендаций (ИТЦ),1,,
156,Контроль в области использования и охраны водных объектов,Производственный контроль организован на всех этапах и стадиях очистки сточных вод,"пункт 3.3.7 ""МДК 3-02.2001. Правила технической эксплуатации систем и сооружений коммунального водоснабжения и канализации""",1,,
157,Контроль в области использования и охраны водных объектов,При использовании водных объектов эксплуатируемые очистные сооружения и расположенные на водных объектах иные сооружения содержатся в исправном состоянии,пункт 2 части 2 статьи 39 Водного кодекса Российской Федерации от 03.06.2006 № 74-ФЗ,1,,
158,Контроль в области использования и охраны водных объектов,"Измерение объема забора (изъятия) водных ресурсов из водных объектов или объема сброса сточных, в том числе дренажных, вод осуществляется на каждом водозаборе и выпуске сточных, в том числе дренажных, вод средствами измерения расходов (уровней) воды, которые устанавливаются на водозаборных сооружениях и сооружениях для сброса сточных, в том числе дренажных, вод","пункт 4 Приказа Минприроды России от 09.11.2020 N 903 ""Об утверждении Порядка ведения собственниками водных объектов и водопользователями учета объема забора (изъятия) водных ресурсов из водных объектов и объема сброса сточных, в том числе дренажных, вод, их качества""",1,,
159,Контроль в области использования и охраны водных объектов,Обработка и регистрация результатов таких измерений и осуществляется по формам 1.1 - 1.4 приложения к Приказу Минприроды № 903,"пункт 3 Приказа Минприроды России от 09.11.2020 N 903 ""Об утверждении Порядка ведения собственниками водных объектов и водопользователями учета объема забора (изъятия) водных ресурсов из водных объектов и объема сброса сточных, в том числе дренажных, вод, их качества""",1,,
160,Контроль в области использования и охраны водных объектов,"Журнал учета водопотребления, журнал учета водоотведения ведутся на бумажном носителе или в электронном виде без изменения форм 1.2 и 1.4 приложения к Приказу Минприроды № 903.","пункт 6 Приказа Минприроды России от 09.11.2020 N 903 ""Об утверждении Порядка ведения собственниками водных объектов и водопользователями учета объема забора (изъятия) водных ресурсов из водных объектов и объема сброса сточных, в том числе дренажных, вод, их качества""",1,,
161,Контроль в области использования и охраны водных объектов,"Форма 1.2 (Приказа Минприроды № 903) применяется для определения количества воды, забираемой из водных объектов или из других систем водоснабжения, передаваемой потребителям, а также используемой в системах оборотного и повторно-последовательного водоснабжения.","пункт 7 Приказа Минприроды России от 09.11.2020 N 903 ""Об утверждении Порядка ведения собственниками водных объектов и водопользователями учета объема забора (изъятия) водных ресурсов из водных объектов и объема сброса сточных, в том числе дренажных, вод, их качества""",1,,
162,Контроль в области использования и охраны водных объектов,Записи в журналах по формам 1.2 и 1.4 (Приказа Минприроды № 903) ведутся ежедневно на основании проведения замеров расходов (уровней) воды.,"пункт 8 Приказа Минприроды России от 09.11.2020 N 903 ""Об утверждении Порядка ведения собственниками водных объектов и водопользователями учета объема забора (изъятия) водных ресурсов из водных объектов и объема сброса сточных, в том числе дренажных, вод, их качества""",1,,
163,Контроль в области использования и охраны водных объектов,"Суммарные расходы воды за месяц, квартал и в целом за год проставляются в тыс. м3.","пункт 9 Приказа Минприроды России от 09.11.2020 N 903 ""Об утверждении Порядка ведения собственниками водных объектов и водопользователями учета объема забора (изъятия) водных ресурсов из водных объектов и объема сброса сточных, в том числе дренажных, вод, их качества""",1,,
164,Контроль в области использования и охраны водных объектов,"По согласованию с соответствующим территориальным органом Федерального агентства водных ресурсов в случае отсутствия технической возможности установки средств измерений объем забранной воды (сбрасываемых сточных, в том числе дренажных, вод) определяется исходя из времени работы и производительности технических средств (насосного оборудования), норм водопотребления (водоотведения) или с помощью других методов и осуществляется по формам 1.5 и 1.6 (Приказа Минприроды № 903)","пункт 11 Приказа Минприроды России от 09.11.2020 N 903 ""Об утверждении Порядка ведения собственниками водных объектов и водопользователями учета объема забора (изъятия) водных ресурсов из водных объектов и объема сброса сточных, в том числе дренажных, вод, их качества""",1,,
165,Контроль в области использования и охраны водных объектов,Журнал учета водопотребления (водоотведения) другими методами ведется на бумажном носителе или в электронном виде без изменения формы 1.6 (Приказа Минприроды № 903),"пункт 12 Приказа Минприроды России от 09.11.2020 N 903 ""Об утверждении Порядка ведения собственниками водных объектов и водопользователями учета объема забора (изъятия) водных ресурсов из водных объектов и объема сброса сточных, в том числе дренажных, вод, их качества""",1,,
166,Контроль в области использования и охраны водных объектов,"Лица, уполномоченные вести учет водопотребления и водоотведения по формам 1.2, 1.4 и 1.6 (Приказа Минприроды № 903) в организации, определяются ее руководителем. Правильность заполнения форм и достоверность фиксируемых данных должны проверяться уполномоченным должностным лицом указанной организации и подтверждаться его подписью в журнале","пункт 14 Приказа Минприроды России от 09.11.2020 N 903 ""Об утверждении Порядка ведения собственниками водных объектов и водопользователями учета объема забора (изъятия) водных ресурсов из водных объектов и объема сброса сточных, в том числе дренажных, вод, их качества""",1,,
167,Контроль в области использования и охраны водных объектов,"Состав и свойства сбрасываемых сточных, в том числе дренажных, вод определяются отдельно на каждом выпуске таких вод в водные объекты, а также в точках закачки в подземные горизонты (формы 2.1 и 2.2 (Приказа Минприроды № 903))","пункт 16 Приказа Минприроды России от 09.11.2020 N 903 ""Об утверждении Порядка ведения собственниками водных объектов и водопользователями учета объема забора (изъятия) водных ресурсов из водных объектов и объема сброса сточных, в том числе дренажных, вод, их качества""",1,,
168,Контроль в области использования и охраны водных объектов,"Лица, уполномоченные вести учет качества сточных, в том числе дренажных, вод по форме 2.2 (Приказа Минприроды № 903) в организации, определяются ее руководителем. Правильность заполнения формы и достоверность фиксируемых данных должны проверяться уполномоченным должностным лицом указанной организации и подтверждаться его подписью в журнале.","пункт 19 Приказа Минприроды России от 09.11.2020 N 903 ""Об утверждении Порядка ведения собственниками водных объектов и водопользователями учета объема забора (изъятия) водных ресурсов из водных объектов и объема сброса сточных, в том числе дренажных, вод, их качества""",1,,
169,Контроль в области использования и охраны водных объектов,"Сведения, полученные в результате учета объема забора (изъятия) водных ресурсов из водных объектов и объема сброса сточных, в том числе дренажных, вод, их качества (формы 3.1 - 3.3, указанные в приложении к Порядку), представляются в уполномоченный на предоставление водного объекта в пользование орган исполнительной власти субъекта Российской Федерации, территориальный орган Федерального агентства водных ресурсов ежеквартально в срок до 15 числа месяца, следующего за отчетным кварталом","пункт 24 Приказа Минприроды России от 09.11.2020 N 903 ""Об утверждении Порядка ведения собственниками водных объектов и водопользователями учета объема забора (изъятия) водных ресурсов из водных объектов и объема сброса сточных, в том числе дренажных, вод, их качества""",1,,
170,Контроль в области использования и охраны водных объектов,"При использовании водных объектов выполняются требования по: - ведению в установленном порядке учета объема забора (изъятия) водных ресурсов из водных объектов и объема сброса сточных вод, их качества; - представлению бесплатно и в установленные сроки результатов такого учета и таких регулярных наблюдений в территориальный орган Федерального агентства водных ресурсов","пункт 5 части 2 статьи 39 Водного кодекса Российской Федерации от 03.06.2006 № 74-ФЗ; Приказ Минприроды России от 09.11.2020 № 903 ""Об утверждении порядка ведения собственниками водных объектов и водопользователями учета объема забора (изъятия) водных ресурсов из водных объектов и объема сброса сточных, в том числе дренажных, вод, их качества""",1,,
171,Контроль в области использования и охраны водных объектов,При использовании водных объектов выполняются требования по: - осуществлению регулярных наблюдений за водными объектами и их водоохранными зонами; - представлению бесплатно и в установленные сроки результатов такого учета и таких регулярных наблюдений в территориальный орган Федерального агентства водных ресурсов,"пункт 16 Положения об осуществлении государственного мониторинга водных объектов, утвержденного постановлением Правительства Российской Федерации от 10.04.2007 № 219",1,,
172,Контроль в области использования и охраны водных объектов,"При использовании водных объектов, входящих в водохозяйственные системы, соблюдается запрет на изменение водного режима этих водных объектов, которое может привести к нарушению прав третьих лиц",часть 2 статьи 42 Водного кодекса Российской Федерации от 03.06.2006 № 74-ФЗ,1,,
173,Контроль в области использования и охраны водных объектов,Работы по изменению или обустройству природного водоема или водотока проводятся с соблюдением условия сохранения его естественного происхождения,часть 3 статьи 42 Водного кодекса Российской Федерации от 03.06.2006 № 74-ФЗ,1,,
174,Контроль в области использования и охраны водных объектов,"Осуществляются водохозяйственные мероприятия и мероприятия по охране водных объектов, предотвращению их загрязнения, засорения и истощения вод, а также меры по ликвидации последствий указанных явлений.",статья 55 Водного кодекса Российской Федерации от 03.06.2006 № 74-ФЗ,1,,
175,Контроль в области использования и охраны водных объектов,"Принимаются меры по предотвращению загрязнения, засорения подземных водных объектов и истощения вод, а также соблюдаются установленные нормативы допустимого воздействия на подземные водные объекты.",часть 1 статьи 59 Водного кодекса Российской Федерации от 03.06.2006 № 74-ФЗ,1,,
176,Контроль в области использования и охраны водных объектов,"При проектировании, строительстве, реконструкции, вводе в эксплуатацию, эксплуатации гидротехнических сооружений и при внедрении новых технологических процессов учитывается их влияние на состояние водных объектов, а также соблюдаются нормативы допустимого воздействия на водные объекты, за исключением случаев, установленных федеральными законами.",часть 1 статьи 60 Водного кодекса Российской Федерации от 03.06.2006 № 74-ФЗ,1,,
177,Контроль в области использования и охраны водных объектов,"При эксплуатации водохозяйственной системы соблюдается запрет на осуществление сброса в водные объекты сточных вод, не подвергшихся санитарной очистке, обезвреживанию",пункт 1 части 6 статьи 60 Водного кодекса Российской Федерации от 03.06.2006 № 74-ФЗ,1,,
178,Контроль в области использования и охраны водных объектов,"Водопользователями, использующими водные объекты для забора (изъятия) водных ресурсов, приняты меры по предотвращению попадания рыб и других водных биологических ресурсов в водозаборные сооружения",часть 2 статьи 61 Водного кодекса Российской Федерации от 03.06.2006 № 74-ФЗ,1,,
179,Контроль в области использования и охраны водных объектов,"Соблюдается запрет на движение и стоянку транспортных средств (кроме специальных транспортных средств) в границах водоохранных зон, за исключением их движения по дорогам и стоянки на дорогах и в специально оборудованных местах, имеющих твердое покрытие",пункт 4 части 15 статьи 65 Водного кодекса Российской Федерации от 03.06.2006 № 74-ФЗ,1,,
180,Контроль в области использования и охраны водных объектов,"В границах водоохранных зон соблюдается запрет на: - размещение автозаправочных станций, складов горюче-смазочных материалов; - размещение станций технического обслуживания, используемых для технического осмотра и ремонта транспортных средств; - осуществление мойки транспортных средств",пункт 5 части 15 статьи 65 Водного кодекса Российской Федерации от 03.06.2006 № 74-ФЗ,1,,
181,Контроль в области использования и охраны водных объектов,"Соблюдается запрет на сброс сточных, в том числе дренажных, вод в границах водоохранных зон",пункт 7 части 15 статьи 65 Водного кодекса Российской Федерации от 03.06.2006 № 74-ФЗ,1,,
182,Контроль в области использования и охраны водных объектов,"При складировании грунта в береговые отвалы соблюдаются условия исключения попадания его в водоем при колебании уровня воды, поверхностных стоках, волнении и других условиях",пункт 19.16 СТО Газпром 2-2.2-457-2010,1,,
183,Контроль в области использования и охраны водных объектов,"При проектировании, строительстве, реконструкции, вводе в эксплуатацию, эксплуатации хозяйственных и иных объектов, расположенных в водоохранной зоне водных объектов, обеспечиваются требования по оборудованию таких объектов сооружениями, обеспечивающими охрану водных объектов от загрязнения, засорения, заиления и истощения вод в соответствии с водным законодательством и законодательством в области охраны окружающей среды.",часть 16 статьи 65 Водного кодекса Российской Федерации от 03.06.2006 № 74-ФЗ,1,,
184,Контроль в области использования и охраны водных объектов,"Статистическая отчетность по форме № 2-ТП (водхоз)) ""Сведения об использовании воды"" корректна и предоставлена в установленные сроки",Приказ Росстата от 27.12.2019 №815,1,,
185,Контроль в области использования и охраны водных объектов,"Осуществляется контроль состава и свойств сточных вод, сбрасываемых абонентами в централизованную систему водоотведения (канализацию) организацией, осуществляющей водоотведение, либо уполномоченной ею организацией в порядке, установленном Правительством Российской Федерации.","Правила осуществления контроля состава и свойств сточных вод, утвержденные постановлением Правительства Российской Федерации от 22.05.2020 № 728",1,,
186,Контроль в области использования и охраны водных объектов,"Средства измерения, эксплуатируемые на оборудовании и сооружениях хозяйства водоснабжения и водоотведения проходят периодическую поверку","статья 12 Федерального закона от 26.06.2008 N 102-ФЗ ""Об обеспечени единства измерений""",1,,
187,Контроль в области использования и охраны водных объектов,"Заключены абонентом, объекты капитального строительства которого подключены (технологически присоединены) к централизованной системе водоотведения, договоры водоотведения с гарантирующими организациями","часть 5 статьи 7 Федерального закона от 07.12.2011 N 416-ФЗ ""О водоснабжении и водоотведении"" <30> (далее - Закон N 416-ФЗ)",0,,
188,Контроль в области использования и охраны водных объектов,"Заключен абонентом, объекты капитального строительства которого подключены (технологически присоединены) к централизованной системе водоснабжения и не подключены (технологически не присоединены) к централизованной системе водоотведения, договор водоотведения с гарантирующей организацией либо договор с организацией, осуществляющей вывоз жидких бытовых отходов и имеющей договор водоотведения с гарантирующей организацией",часть 5 статьи 7 Закона N 416-ФЗ,0,,
189,Контроль в области использования и охраны водных объектов,"Статистическая отчетность по форме №2-ОС ""Сведения о выполнении водохозяйственных и водоохранных работ на водных объектах"" корректна и предоставлена в установленные сроки",Приказ Росстата от 28.08.2012 №469,1,,
190,"Контроль за геологическим изучением, рациональным использованием и охраной недр","У пользователя недр, осуществляющего добычу полезных ископаемых, имеются горноотводный акт и графические приложения, удостоверяющие уточненные границы горного отвода.","статья 7 Закона Российской Федерации от 21.02.1992 № 2395-1 ""О недрах""; пункт 2 Правил подготовки и оформления документов, удостоверяющих уточненные границы горного отвода, утвержденных постановлением Правительства Российской Федерации от 16.09.2020 № 1465",1,,
191,"Контроль за геологическим изучением, рациональным использованием и охраной недр","Имеется разрешение (лицензия) на осуществление соответствующих видов деятельности, связанных с пользованием недрами.","статья 11 Закона Российской Федерации от 21.02.1992 № 2395-1 ""О недрах""",1,,
192,"Контроль за геологическим изучением, рациональным использованием и охраной недр","Выполняются условия, установленные лицензией на пользование недрами.","пункт 10 части 2 статьи 22 Закона Российской Федерации от 21.02.1992 № 2395-1 ""О недрах""",1,,
193,"Контроль за геологическим изучением, рациональным использованием и охраной недр",Пользователем недр обеспечивается проведение государственной экспертизы запасов полезных ископаемых.,"пункт 4 статьи 23, статья 29 Закона Российской Федерации от 21.02.1992 № 2395-1 ""О недрах""",1,,
194,"Контроль за геологическим изучением, рациональным использованием и охраной недр","Пользователем недр обеспечивается соблюдение требований технических проектов, планов или схем развития горных работ.","пункт 2 части 2 статьи 22 Закона Российской Федерации от 21.02.1992 № 2395-1 ""О недрах""; Правила разработки месторождений углеводородного сырья, утвержденные приказом Министерства природных ресурсов и экологии Российской Федерации от 14.06.2016 № 356",1,,
195,"Контроль за геологическим изучением, рациональным использованием и охраной недр",Пользователем недр обеспечивается соблюдение требований по рациональному использованию и охране недр.,"пункт 7 части 2 статьи 22 Закона Российской Федерации от 21.02.1992 № 2395-1 ""О недрах""",1,,
196,"Контроль за геологическим изучением, рациональным использованием и охраной недр",Пользователем недр обеспечивается своевременное и правильное внесение платежей за пользование недрами.,"пункт 10 части 2 статьи 22 Закона Российской Федерации от 21.02.1992 № 2395-1 ""О недрах""",1,,
197,"Контроль за геологическим изучением, рациональным использованием и охраной недр","Пользователь недр, осуществляющий разведку месторождений и добычу полезных ископаемых, представляет государственную отчетность в установленном порядке в федеральный фонд геологической информации и его территориальные фонды.","Порядок представления государственной отчетности пользователями недр, осуществляющими разведку месторождений и добычу полезных ископаемых, в федеральный фонд геологической информации и его территориальные фонды, а также в фонды геологической информации субъектов Российской Федерации, если пользование недрами осуществляется на участках недр местного значения, утвержденный приказом Министерства природных ресурсов и экологии Российской Федерации от 17.08.2016 № 434",1,,
198,"Контроль за геологическим изучением, рациональным использованием и охраной недр","Пользователем недр производится ликвидация в установленном порядке горных выработок и буровых скважин, не подлежащих использованию.","пункт 9 части 2 статьи 22 Закона Российской Федерации от 21.02.1992 № 2395-1 ""О недрах""",0,,
199,"Контроль за геологическим изучением, рациональным использованием и охраной недр","Пользователем недр обеспечивается приведение участков земли и других природных объектов, нарушенных при пользовании недрами, в состояние, пригодное для их дальнейшего использования.","пункт 8 части 2 статьи 22 Закона Российской Федерации от 21.02.1992 № 2395-1 ""О недрах""",1,,
200,"Контроль за геологическим изучением, рациональным использованием и охраной недр","Пользователем недр обеспечивается предотвращение загрязнения недр при проведении работ, связанных с пользованием недрами при: - подземном хранении нефти, газа или иных веществ и материалов; - захоронении отходов I - V классов опасности; - сбросе сточных вод; - размещении в пластах горных пород попутных вод и вод, использованных пользователями недр для собственных производственных и технологических нужд.","пункт 8 части 1 статьи 23 Закона Российской Федерации от 21.02.1992 № 2395-1 ""О недрах""",0,,
201,"Контроль за геологическим изучением, рациональным использованием и охраной недр",Соблюдается запрет на самовольное пользование недрами.,"пункт 1 части 1 статьи 23 Закона Российской Федерации от 21.02.1992 № 2395-1 ""О недрах""",1,,
202,"Контроль за геологическим изучением, рациональным использованием и охраной недр","Вред, причиненный недрам вследствие нарушения законодательства Российской Федерации о недрах возмещен.","статья 51 Закона Российской Федерации от 21.02.1992 № 2395-1 ""О недрах""; Правила расчета размера вреда, причиненного недрам вследствие нарушения законодательства Российской Федерации о недрах, утвержденные постановлением Правительства Российской Федерации от 04.07.2013 № 564",1,,
203,"Контроль за геологическим изучением, рациональным использованием и охраной недр","При проектировании, строительстве, реконструкции, вводе в эксплуатацию, эксплуатации водозаборных сооружений, связанных с использованием подземных водных объектов, предусмотрены меры по предотвращению негативного воздействия таких сооружений на поверхностные водные объекты и другие объекты окружающей среды.",пункт 5 статьи 59 Водного кодекса Российской Федерации от 03.06.2006 № 74-ФЗ,0,,
204,"Контроль за геологическим изучением, рациональным использованием и охраной недр","Предотвращается поступление загрязняющих веществ с поверхности земли, из отстойников и прудов-накопителей, подземных сооружений (канализационных коллекторов и трубопроводов) в подземные воды путем устройства защитных инженерных сооружений и непроницаемых экранов с учетом опасных инженерно-геологических и иных процессов.","подпункт ""б"" пункта 5 Правил охраны подземных водных объектов, утвержденных постановлением Правительства Российской Федерации от 11.02.2016 № 94",1,,
205,"Контроль за геологическим изучением, рациональным использованием и охраной недр","Определено должностное лицо, ответственное за исправное состояние и безопасную оборудования и сооружений хозяйства водоснабжения",пункт 5.9 СТО Газпром 2-1.10-895-2014,1,,
206,"Контроль за геологическим изучением, рациональным использованием и охраной недр","На объектах, являющихся потенциальными источниками загрязнения подземных вод, оборудованы наблюдательные скважины.","подпункт ""в"" пункта 5 Правил охраны подземных водных объектов, утвержденных постановлением Правительства Российской Федерации от 11.02.2016 № 94",0,,
207,"Контроль за геологическим изучением, рациональным использованием и охраной недр","Проводится наблюдение за химическим, радиологическим и микробиологическим состоянием подземных вод путем анализа проб воды в эксплуатационных водозаборных и наблюдательных скважинах.","подпункт ""г"" пункта 5 Правил охраны подземных водных объектов, утвержденных постановлением Правительства Российской Федерации от 11.02.2016 № 94",1,,
208,"Контроль за геологическим изучением, рациональным использованием и охраной недр",Проводится наблюдение за режимом измерений уровней подземных вод в эксплуатационных водозаборных и наблюдательных скважинах.,"подпункт ""г"" пункта 5 Правил охраны подземных водных объектов, утвержденных постановлением Правительства Российской Федерации от 11.02.2016 № 94",1,,
209,"Контроль за геологическим изучением, рациональным использованием и охраной недр",Эксплуатационные и резервные скважины на водозаборах подземных вод оборудованы приборами учета объема добычи подземных вод и устройствами для измерения уровней подземных вод.,"абзац первый пункта 8 Правил охраны подземных водных объектов, утвержденных постановлением Правительства Российской Федерации от 11.02.2016 № 94",1,,
210,"Контроль за геологическим изучением, рациональным использованием и охраной недр",При использовании водных объектов выполняются требования по: - ведению в установленном порядке учета объема забора (изъятия) водных ресурсов; - представлению бесплатно и в установленные сроки результатов такого учета и таких регулярных наблюдений в территориальный орган Федерального агентства водных ресурсов,"Приказ Минприроды России от 09.11.2020 № 903 ""Об утверждении порядка ведения собственниками водных объектов и водопользователями учета объема забора (изъятия) водных ресурсов из водных объектов и объема сброса сточных, в том числе дренажных, вод, их качества""",1,,
211,"Контроль за геологическим изучением, рациональным использованием и охраной недр",Соблюдается требования по косвенному учету объема забора (изъятия) водных ресурсов в случае выхода из строя водоизмерительного устройства,"пункт 10 приказ Минприроды России от 09.11.2020 № 903 ""Об утверждении порядка ведения собственниками водных объектов и водопользователями учета объема забора (изъятия) водных ресурсов из водных объектов и объема сброса сточных, в том числе дренажных, вод, их качества""",1,,
212,"Контроль за геологическим изучением, рациональным использованием и охраной недр",На водозаборные сооружения разработан и согласован в установленном порядке проект зон санитарной охраны,"СанПиН 2.1.4.1110-02 ""Зоны санитарной охраны источников водоснабжения и водопроводов питьевого назначения""",1,,
213,"Контроль за геологическим изучением, рациональным использованием и охраной недр",На проект зон санитарной охраны получено положительное санитарно-эпидемиологическое заключение,"статья 18 Федерального закона от 30.03.1999 N 52-ФЗ ""О санитарно-эпидемиологическом благополучии населения""",1,,
214,"Контроль за геологическим изучением, рациональным использованием и охраной недр",На деятельность по эксплуатации водозаборных сооружений в целях организации хозяственно-питьевого водоснабжения получено положительное санитарно-эпидемиологическое заключение,"статья 19 Федерального закона от 30.03.1999 N 52-ФЗ ""О санитарно-эпидемиологическом благополучии населения""",1,,
215,"Контроль за геологическим изучением, рациональным использованием и охраной недр",Разработана и согласована в установленном порядке Программа производственного контроля качества питьевой воды,"статья 19 Федерального закона от 30.03.1999 N 52-ФЗ ""О санитарно-эпидемиологическом благополучии населения""",1,,
216,"Контроль за геологическим изучением, рациональным использованием и охраной недр","Территория первого пояса ЗСО должна быть спланирована для отвода поверхностного стока за ее пределы, озеленена, ограждена и обеспечена охраной. Дорожки к сооружениям должны иметь твердое покрытие","пункт 3.2.1.1 СанПиН 2.1.4.1110-02 ""Зоны санитарной охраны источников водоснабжения и водопроводов питьевого назначения""",2,"Территория зон санитарной охраны строгого режима (I пояса) водозаборов ГКС-1, ГКС-3 организована с нарушением санитарных норм.",
217,"Контроль за геологическим изучением, рациональным использованием и охраной недр",Ограждение первого пояса ЗСО обеспечивает защиту места водозабора и водозаборных сооружений от случайного или умышленного загрязнения и повреждения,"пункт 1.5 СанПиН 2.1.4.1110-02 ""Зоны санитарной охраны источников водоснабжения и водопроводов питьевого назначения""",1,,
218,"Контроль за геологическим изучением, рациональным использованием и охраной недр","Не допускается посадка высокоствольных деревьев, все виды строительства, не имеющие непосредственного отношения к эксплуатации, реконструкции и расширению водопроводных сооружений, в том числе прокладка трубопроводов различного назначения, размещение жилых и хозяйственно - бытовых зданий, проживание людей, применение ядохимикатов и удобрений","пункт 3.2.1.2 СанПиН 2.1.4.1110-02 ""Зоны санитарной охраны источников водоснабжения и водопроводов питьевого назначения""",1,,
219,"Контроль за геологическим изучением, рациональным использованием и охраной недр","Здания оборудованы канализацией с отведением сточных вод в ближайшую систему бытовой или производственной канализации или на местные станции очистных сооружений, расположенные за пределами первого пояса ЗСО с учетом санитарного режима на территории второго пояса","пункт 3.2.1.3 СанПиН 2.1.4.1110-02 ""Зоны санитарной охраны источников водоснабжения и водопроводов питьевого назначения""",1,,
220,"Контроль за геологическим изучением, рациональным использованием и охраной недр","Водопроводные сооружения, расположенные в первом поясе зоны санитарной охраны, оборудованы с учетом предотвращения возможности загрязнения питьевой воды через оголовки и устья скважин, люки и переливные трубы резервуаров и устройства заливки насосов","пункт 3.2.1.4 СанПиН 2.1.4.1110-02 ""Зоны санитарной охраны источников водоснабжения и водопроводов питьевого назначения""",2,1.Скважина №54679 водозабора ГКС-3 оборудована без учета предотвращения возможности загрязнения питьевой воды через оголовки и устья скважин. 2.Подтопление колодца скважины №58976 водозабора ГКС-4.,
221,"Контроль за геологическим изучением, рациональным использованием и охраной недр","Все водозаборы оборудованы аппаратурой для систематического контроля соответствия фактического дебита при эксплуатации водопровода проектной производительности, предусмотренной при его проектировании и обосновании границ ЗСО","пункт 3.2.1.5 СанПиН 2.1.4.1110-02 ""Зоны санитарной охраны источников водоснабжения и водопроводов питьевого назначения""",1,,
222,"Контроль за геологическим изучением, рациональным использованием и охраной недр","На территории ЗСО 2 и 3 поясов осуществляется выявление, тампонирование или восстановление всех старых, бездействующих, дефектных или неправильно эксплуатируемых скважин, представляющих опасность в части возможности загрязнения водоносных горизонтов","пункт 3.2.2.1 СанПиН 2.1.4.1110-02 ""Зоны санитарной охраны источников водоснабжения и водопроводов питьевого назначения""",1,,
223,"Контроль за геологическим изучением, рациональным использованием и охраной недр","На территории ЗСО 2 и 3 поясов соблюдается запрет на бурение новых скважин и новое строительство, связанное с нарушением почвенного покрова, производится при обязательном согласовании с центром государственного санитарно - эпидемиологического надзора","пункт 3.2.2.2 СанПиН 2.1.4.1110-02 ""Зоны санитарной охраны источников водоснабжения и водопроводов питьевого назначения""",1,,
224,"Контроль за геологическим изучением, рациональным использованием и охраной недр","На территории ЗСО 2 и 3 поясов запрещение закачки отработанных вод в подземные горизонты, подземного складирования твердых отходов и разработки недр земли","пункт 3.2.2.3 СанПиН 2.1.4.1110-02 ""Зоны санитарной охраны источников водоснабжения и водопроводов питьевого назначения""",1,,
225,"Контроль за геологическим изучением, рациональным использованием и охраной недр","На территории ЗСО 2 и 3 поясов запрещение размещения складов горюче - смазочных материалов, ядохимикатов и минеральных удобрений, накопителей промстоков, шламохранилищ и других объектов, обусловливающих опасность химического загрязнения подземных вод","пункт 3.2.2.4 СанПиН 2.1.4.1110-02 ""Зоны санитарной охраны источников водоснабжения и водопроводов питьевого назначения""",1,,
226,"Контроль за геологическим изучением, рациональным использованием и охраной недр","Средства измерения, эксплуатируемые на оборудовании и сооружениях хозяйства водоснабжения и водоотведения проходят периодическую поверку","статья 12 Федерального закона от 26.06.2008 N 102-ФЗ ""Об обеспечени единства измерений""",1,,
227,"Контроль за геологическим изучением, рациональным использованием и охраной недр",Сведения о выполнении условий пользования недрами при добыче питьевых и технических подземных вод (форма № 4-ЛС) предоставлены,Приказ Росстата от 07.07.2011 №308,1,,
228,"Контроль за геологическим изучением, рациональным использованием и охраной недр","Имеются уточненные границы горного отвода, в виде горноотводного акта и графических приложений, в которые включаются план горного отвода с ведомостью координат угловых точек горного отвода, план границ горного отвода и разрезы участка недр, составленные по форме, установленной Федеральной службой по экологическому, технологическому и атомному надзору (для водозаборов с дебитом более 100 куб. м.в сутки)","статья 7 Закона Российской Федерации от 21.02.1992 № 2395-1 ""О недрах"";",1,,
229,Контроль в области охраны животного мира,В случае пересечения реки трубопровод заглубляется и фиксируется (для предотвращения всплытия),"пункт 23 Постановление Правительства РФ от 31.05.2025 N 813 ""Об утверждении требований к предотвращению гибели объектов животного мира при осуществлении производственных процессов, а также при эксплуатации транспортных магистралей, трубопроводов и линий связи и электропередачи""",1,,
230,Контроль в области охраны животного мира,"После завершения строительства, реконструкции или ремонта трубопровода запрещается оставлять неубранные конструкции, оборудование и незасыпанные участки траншей.","пункт 25 Постановление Правительства РФ от 31.05.2025 N 813 ""Об утверждении требований к предотвращению гибели объектов животного мира при осуществлении производственных процессов, а также при эксплуатации транспортных магистралей, трубопроводов и линий связи и электропередачи""",1,,
231,Контроль в области охраны животного мира,"При проектировании и строительстве линий связи и электропередачи должны предусматриваться меры по предотвращению и сокращению риска гибели птиц в случае соприкосновения с токонесущими проводами на участках их прикрепления к конструкциям опор, а также при столкновении с проводами во время пролета птиц.","пункт 27 Постановление Правительства РФ от 31.05.2025 N 813 ""Об утверждении требований к предотвращению гибели объектов животного мира при осуществлении производственных процессов, а также при эксплуатации транспортных магистралей, трубопроводов и линий связи и электропередачи""",0,,
232,Контроль в области охраны животного мира,"Линии электропередачи при их проектировании и строительстве должны оснащаться специальными птицезащитными устройствами, препятствующими прикосновению птиц к токонесущим проводам.","пункт 27 Постановление Правительства РФ от 31.05.2025 N 813 ""Об утверждении требований к предотвращению гибели объектов животного мира при осуществлении производственных процессов, а также при эксплуатации транспортных магистралей, трубопроводов и линий связи и электропередачи""",0,,
233,Контроль в области охраны животного мира,Запрещается использование в качестве специальных птицезащитных устройств неизолированных металлических конструкций.,"пункт 27 Постановление Правительства РФ от 31.05.2025 N 813 ""Об утверждении требований к предотвращению гибели объектов животного мира при осуществлении производственных процессов, а также при эксплуатации транспортных магистралей, трубопроводов и линий связи и электропередачи""",1,,
234,Контроль в области охраны животного мира,"При территориальном планировании, градостроительном зонировании, планировке территории, архитектурно-строительном проектировании, строительстве, реконструкции, капитальном ремонте объектов капитального строительства, внедрении новых технологических процессов и осуществлении иной деятельности должны применяться меры по сохранению водных биоресурсов и среды их обитания. (Деятельность, указанная в части 1 настоящей статьи, осуществляется только по согласованию с федеральным органом исполнительной власти в области рыболовства в порядке, установленном Правительством Российской Федерации).","статья 50 Федеральный закон от 20.12.2004 N 166-ФЗ (ред. от 24.06.2025) ""О рыболовстве и сохранении водных биологических ресурсов""",1,,
235,Контроль в области охраны животного мира,"Работы по строительству, реконструкции и капитальному ремонту объектов капитально строительства в водоеме или водотоке, а также их водоохранных зонах не проводятся в нерестовый период (15 апреля - 15 июня)","пункт 2_x0004_ Постановление Правительства РФ от 29.05.2025 N 785 ""Об утверждении Положения о мерах по сохранению водных биологических ресурсов и среды их обитания""",1,,
